{"cameraMode":{"drawMode":0,"name":"Shaded","section":"Shading Mode"},"sceneLighting":true,"audioPlay":false,"sceneViewState":{"showFog":true,"showMaterialUpdate":false,"showSkybox":true,"showFlares":true,"showImageEffects":true,"showParticleSystems":true},"in2DMode":false,"pivot":{"x":-24.131242752075197,"y":-9.766582489013672,"z":17.180208206176759},"rotation":{"x":-0.05203762277960777,"y":0.9472134709358215,"z":-0.2033758908510208,"w":-0.24236774444580079},"size":34.33958435058594,"orthographic":false}