{"cameraMode":{"drawMode":0,"name":"Shaded","section":"Shading Mode"},"sceneLighting":true,"audioPlay":false,"sceneViewState":{"showFog":false,"showMaterialUpdate":false,"showSkybox":false,"showFlares":false,"showImageEffects":false,"showParticleSystems":false},"in2DMode":false,"pivot":{"x":-9.32996940612793,"y":13.29444408416748,"z":7.7997870445251469},"rotation":{"x":0.01499352790415287,"y":-0.028196724131703378,"z":0.000422643352067098,"w":0.9994928240776062},"size":52.04241180419922,"orthographic":false}