{"cameraMode":{"drawMode":0,"name":"Shaded","section":"Shading Mode"},"sceneLighting":false,"audioPlay":false,"sceneViewState":{"showFog":false,"showMaterialUpdate":false,"showSkybox":false,"showFlares":false,"showImageEffects":false,"showParticleSystems":false},"in2DMode":false,"pivot":{"x":-6.953097820281982,"y":-6.948194980621338,"z":25.866628646850587},"rotation":{"x":0.04887320101261139,"y":-0.014981391839683056,"z":0.0007331959204748273,"w":0.9986938238143921},"size":24.918745040893556,"orthographic":false}