{"cameraMode":{"drawMode":0,"name":"Shaded","section":"Shading Mode"},"sceneLighting":true,"audioPlay":false,"sceneViewState":{"showFog":false,"showMaterialUpdate":false,"showSkybox":false,"showFlares":false,"showImageEffects":false,"showParticleSystems":false},"in2DMode":false,"pivot":{"x":-12.131874084472657,"y":-11.771039009094239,"z":14.362767219543457},"rotation":{"x":-0.2954699993133545,"y":0.5372496247291565,"z":-0.2083178013563156,"w":-0.7620229721069336},"size":28.53096580505371,"orthographic":false}