{"cameraMode":{"drawMode":0,"name":"Shaded","section":"Shading Mode"},"sceneLighting":true,"audioPlay":false,"sceneViewState":{"showFog":false,"showMaterialUpdate":false,"showSkybox":false,"showFlares":false,"showImageEffects":false,"showParticleSystems":false},"in2DMode":false,"pivot":{"x":1.84375,"y":-9.03176498413086,"z":22.42151641845703},"rotation":{"x":0.16086022555828095,"y":0.6885662078857422,"z":-0.16085989773273469,"w":0.6885659098625183},"size":39.972373962402347,"orthographic":true}