{"cameraMode":{"drawMode":0,"name":"Shaded","section":"Shading Mode"},"sceneLighting":true,"audioPlay":false,"sceneViewState":{"showFog":false,"showMaterialUpdate":false,"showSkybox":false,"showFlares":false,"showImageEffects":false,"showParticleSystems":false},"in2DMode":false,"pivot":{"x":-4.630086421966553,"y":-15.903999328613282,"z":18.831544876098634},"rotation":{"x":-0.03504355624318123,"y":0.0539405383169651,"z":0.001894183806143701,"w":0.9979276657104492},"size":15.819746017456055,"orthographic":false}