{"cameraMode":{"drawMode":0,"name":"Shaded","section":"Shading Mode"},"sceneLighting":true,"audioPlay":false,"sceneViewState":{"showFog":false,"showMaterialUpdate":false,"showSkybox":false,"showFlares":false,"showImageEffects":false,"showParticleSystems":false},"in2DMode":false,"pivot":{"x":6.649999618530273,"y":-11.0,"z":-0.8000001907348633},"rotation":{"x":0.3219722807407379,"y":0.021299423649907113,"z":-0.007245806977152824,"w":0.9464845061302185},"size":89.07036590576172,"orthographic":true}