{"cameraMode":{"drawMode":0,"name":"Shaded","section":"Shading Mode"},"sceneLighting":false,"audioPlay":false,"sceneViewState":{"showFog":true,"showMaterialUpdate":false,"showSkybox":false,"showFlares":true,"showImageEffects":true,"showParticleSystems":true},"in2DMode":false,"pivot":{"x":-20.434999465942384,"y":-11.0,"z":-15.149999618530274},"rotation":{"x":-0.007256468292325735,"y":0.9918988943099976,"z":0.06674671173095703,"w":0.10784581303596497},"size":10.272148132324219,"orthographic":false}