{"cameraMode":{"drawMode":0,"name":"Shaded","section":"Shading Mode"},"sceneLighting":true,"audioPlay":false,"sceneViewState":{"showFog":true,"showMaterialUpdate":false,"showSkybox":true,"showFlares":true,"showImageEffects":true,"showParticleSystems":true},"in2DMode":false,"pivot":{"x":7.325301170349121,"y":-3.3277275562286379,"z":1.6247687339782715},"rotation":{"x":-0.003282061545178294,"y":0.9966187477111816,"z":-0.0646810531616211,"w":-0.050571244210004809},"size":50.618377685546878,"orthographic":false}