{"cameraMode":{"drawMode":0,"name":"Shaded","section":"Shading Mode"},"sceneLighting":false,"audioPlay":false,"sceneViewState":{"showFog":true,"showMaterialUpdate":false,"showSkybox":false,"showFlares":true,"showImageEffects":true,"showParticleSystems":true},"in2DMode":false,"pivot":{"x":-0.9690638780593872,"y":-0.4318896532058716,"z":28.23725128173828},"rotation":{"x":-0.025235025212168695,"y":0.9646723866462708,"z":-0.10050378739833832,"w":-0.24222852289676667},"size":24.31640625,"orthographic":false}