{"cameraMode":{"drawMode":0,"name":"Shaded","section":"Shading Mode"},"sceneLighting":true,"audioPlay":false,"sceneViewState":{"showFog":true,"showMaterialUpdate":false,"showSkybox":true,"showFlares":true,"showImageEffects":true,"showParticleSystems":true},"in2DMode":false,"pivot":{"x":-8.851225852966309,"y":-8.220297813415528,"z":9.413656234741211},"rotation":{"x":-0.1625727266073227,"y":0.7348571419715881,"z":-0.18944913148880006,"w":-0.6306078433990479},"size":29.15741539001465,"orthographic":false}