{"cameraMode":{"drawMode":0,"name":"Shaded","section":"Shading Mode"},"sceneLighting":true,"audioPlay":false,"sceneViewState":{"showFog":true,"showMaterialUpdate":false,"showSkybox":false,"showFlares":true,"showImageEffects":true,"showParticleSystems":true},"in2DMode":false,"pivot":{"x":106.3862075805664,"y":38.84076690673828,"z":34.729339599609378},"rotation":{"x":-0.018327096477150918,"y":0.9812929034233093,"z":-0.14861924946308137,"w":-0.12101268768310547},"size":10.0,"orthographic":false}